23,San Mateo County Center,15,Redwood City,8/15/2013,37.487616 : -122.229951
