34,Palo Alto Caltrain Station,23,Palo Alto,8/14/2013,37.443988 : -122.164759
