46,Washington at Kearney,15,San Francisco,8/19/2013,37.795425 : -122.404767
