51,Embarcadero at Folsom,19,San Francisco,8/20/2013,37.791464 : -122.391034
