54,Embarcadero at Bryant,15,San Francisco,8/20/2013,37.787152 : -122.388013
